{"options":{"check_for_updates":true,"comment":null,"compat_foreach":false,"compat_metadata":false,"compat_powerful_this":null,"compat_wrappedjsobject":false,"compatopts_for_requires":true,"noframes":null,"override":{"merge_connects":true,"merge_excludes":true,"merge_includes":true,"merge_matches":true,"orig_connects":["www.csdn.net"],"orig_excludes":[],"orig_includes":["*://*.csdn.net/*"],"orig_matches":[],"orig_noframes":null,"orig_run_at":"document-idle","use_blockers":[],"use_connects":[],"use_excludes":[],"use_includes":[],"use_matches":[]},"run_at":null,"sandbox":null,"tab_types":null,"unwrap":null,"user_modified":null},"settings":{"enabled":true,"position":2},"meta":{"name":"「CSDNGreener」🍃CSDN广告完全过滤|免登录|个性化排版|最强老牌脚本|持续更新","uuid":"5347b9d2-6d99-4174-b6e9-7aae3e8cf14a","modified":1726238929118,"file_url":"https://update.greasyfork.org/scripts/378351/%E3%80%8CCSDNGreener%E3%80%8D%F0%9F%8D%83CSDN%E5%B9%BF%E5%91%8A%E5%AE%8C%E5%85%A8%E8%BF%87%E6%BB%A4%7C%E5%85%8D%E7%99%BB%E5%BD%95%7C%E4%B8%AA%E6%80%A7%E5%8C%96%E6%8E%92%E7%89%88%7C%E6%9C%80%E5%BC%BA%E8%80%81%E7%89%8C%E8%84%9A%E6%9C%AC%7C%E6%8C%81%E7%BB%AD%E6%9B%B4%E6%96%B0.user.js"}}