{"options":{"check_for_updates":true,"comment":null,"compat_foreach":false,"compat_metadata":false,"compat_powerful_this":null,"compat_wrappedjsobject":false,"compatopts_for_requires":true,"noframes":null,"override":{"merge_connects":true,"merge_excludes":true,"merge_includes":true,"merge_matches":true,"orig_connects":[],"orig_excludes":[],"orig_includes":[],"orig_matches":["https://www.zhihu.com/*","https://*.zhihu.com/*","https://blog.csdn.net/*","https://*.csdn.net/*","https://www.jianshu.com/*","https://*.jianshu.com/*","https://www.bilibili.com/*","https://*.bilibili.com/*","https://juejin.cn/*"],"orig_noframes":null,"orig_run_at":"document-body","orig_run_in":[],"orig_tags":[],"use_blockers":[],"use_connects":[],"use_excludes":[],"use_includes":[],"use_matches":[]},"run_at":null,"run_in":null,"sandbox":null,"tags":[],"unwrap":null,"user_modified":null},"settings":{"enabled":true,"position":2},"meta":{"name":"CSDN/知乎/哔哩哔哩/简书免登录去除弹窗广告 🛡","uuid":"89b77578-e936-4fb4-b5ac-6679a3c1f52c","modified":1739794352170,"file_url":"https://update.greasyfork.org/scripts/428960/CSDN%E7%9F%A5%E4%B9%8E%E5%93%94%E5%93%A9%E5%93%94%E5%93%A9%E7%AE%80%E4%B9%A6%E5%85%8D%E7%99%BB%E5%BD%95%E5%8E%BB%E9%99%A4%E5%BC%B9%E7%AA%97%E5%B9%BF%E5%91%8A%20%F0%9F%9B%A1.user.js"}}